model,variant,quant,bench,accF16_ar,accF16_en,drop_ar,drop_en,excess_raw,raw_lo,raw_hi,p_raw_holm,lost_ar,lost_en,excess_norm,norm_lo,norm_hi,p_norm_holm
Llama,imatrix,Q2_K,Belebele,58.22,83.22,17.44,11.56,5.89,1.44,10.33,0.517,52.51,19.85,32.66,22.60,42.53,0.0
Llama,imatrix,Q2_K,GlobalMMLU,46.5,67.0,14.50,14.50,0.00,-6.75,7.00,1.0,67.44,34.52,32.92,11.22,54.86,0.132
Llama,imatrix,Q3_K_M,Belebele,58.22,83.22,4.00,1.56,2.44,-0.44,5.33,1.0,12.04,2.67,9.37,2.08,16.67,0.448
Llama,imatrix,Q3_K_M,GlobalMMLU,46.5,67.0,4.00,1.00,3.00,-1.50,7.50,1.0,18.60,2.38,16.22,-0.50,32.67,1.0
Llama,imatrix,Q4_K_M,Belebele,58.22,83.22,2.11,-0.11,2.22,-0.11,4.56,1.0,6.35,-0.19,6.55,0.38,12.66,1.0
Llama,imatrix,Q4_K_M,GlobalMMLU,46.5,67.0,1.00,0.75,0.25,-3.50,3.75,1.0,4.65,1.79,2.87,-11.85,16.29,1.0
Llama,imatrix,Q6_K,Belebele,58.22,83.22,-0.11,-0.11,0.00,-1.44,1.44,1.0,-0.33,-0.19,-0.14,-4.17,3.86,1.0
Llama,imatrix,Q6_K,GlobalMMLU,46.5,67.0,0.25,-0.25,0.50,-2.00,3.00,1.0,1.16,-0.60,1.76,-8.56,11.92,1.0
Llama,static,Q2_K,Belebele,58.22,83.22,26.00,19.67,6.33,1.33,11.33,0.598,78.26,33.78,44.48,34.39,54.43,0.0
Llama,static,Q2_K,GlobalMMLU,46.5,67.0,16.00,17.75,-1.75,-9.00,5.50,1.0,74.42,42.26,32.16,9.30,54.58,0.189
Llama,static,Q3_K_M,Belebele,58.22,83.22,4.67,3.33,1.33,-1.78,4.56,1.0,14.05,5.73,8.32,-0.05,16.33,1.0
Llama,static,Q3_K_M,GlobalMMLU,46.5,67.0,5.50,4.75,0.75,-4.50,6.00,1.0,25.58,11.31,14.27,-4.68,32.31,1.0
Llama,static,Q4_K_M,Belebele,58.22,83.22,0.44,0.44,0.00,-2.22,2.22,1.0,1.34,0.76,0.57,-5.68,6.41,1.0
Llama,static,Q4_K_M,GlobalMMLU,46.5,67.0,1.50,2.25,-0.75,-4.75,3.25,1.0,6.98,5.36,1.62,-14.04,16.05,1.0
Llama,static,Q6_K,Belebele,58.22,83.22,0.33,0.22,0.11,-1.33,1.67,1.0,1.00,0.38,0.62,-3.39,4.76,1.0
Llama,static,Q6_K,GlobalMMLU,46.5,67.0,-0.50,-0.50,0.00,-2.75,2.75,1.0,-2.33,-1.19,-1.14,-13.64,10.04,1.0
Llama,static,Q8_0,Belebele,58.22,83.22,0.56,0.11,0.44,-0.11,1.11,1.0,1.67,0.19,1.48,-0.20,3.42,1.0
Llama,static,Q8_0,GlobalMMLU,46.5,67.0,0.50,0.25,0.25,-1.50,2.00,1.0,2.33,0.60,1.73,-6.56,9.72,1.0
Qwen2.5,imatrix,Q2_K,Belebele,76.67,87.11,15.00,10.44,4.56,0.66,8.44,1.0,29.03,16.82,12.22,5.56,18.61,0.018
Qwen2.5,imatrix,Q2_K,GlobalMMLU,51.75,69.0,7.25,5.50,1.75,-4.26,8.00,1.0,27.10,12.50,14.60,-4.22,32.29,1.0
Qwen2.5,imatrix,Q3_K_M,Belebele,76.67,87.11,21.11,7.11,14.00,9.78,18.33,0.0,40.86,11.45,29.41,22.46,36.50,0.0
Qwen2.5,imatrix,Q3_K_M,GlobalMMLU,51.75,69.0,9.75,3.25,6.50,-0.25,13.25,1.0,36.45,7.39,29.06,9.03,48.09,0.302
Qwen2.5,imatrix,Q4_K_M,Belebele,76.67,87.11,0.56,-0.89,1.44,-0.67,3.56,1.0,1.08,-1.43,2.51,-1.31,6.20,1.0
Qwen2.5,imatrix,Q4_K_M,GlobalMMLU,51.75,69.0,1.00,-0.25,1.25,-2.25,4.50,1.0,3.74,-0.57,4.31,-7.45,15.46,1.0
Qwen2.5,imatrix,Q6_K,Belebele,76.67,87.11,-0.22,0.22,-0.44,-1.67,0.78,1.0,-0.43,0.36,-0.79,-3.14,1.48,1.0
Qwen2.5,imatrix,Q6_K,GlobalMMLU,51.75,69.0,-1.00,0.00,-1.00,-3.01,1.00,1.0,-3.74,0.00,-3.74,-11.74,3.31,1.0
Qwen2.5,static,Q2_K,Belebele,76.67,87.11,52.56,65.11,-12.56,-16.56,-8.56,0.0,101.72,104.83,-3.11,-8.59,2.29,1.0
Qwen2.5,static,Q2_K,GlobalMMLU,51.75,69.0,27.75,47.25,-19.50,-26.25,-12.75,0.0,103.74,107.39,-3.65,-19.83,12.61,1.0
Qwen2.5,static,Q3_K_M,Belebele,76.67,87.11,43.00,13.00,30.00,25.22,34.78,0.0,83.23,20.93,62.30,55.05,69.41,0.0
Qwen2.5,static,Q3_K_M,GlobalMMLU,51.75,69.0,22.75,15.00,7.75,0.25,15.25,1.0,85.05,34.09,50.96,31.42,70.18,0.0
Qwen2.5,static,Q4_K_M,Belebele,76.67,87.11,0.44,1.56,-1.11,-3.67,1.56,1.0,0.86,2.50,-1.64,-6.36,3.08,1.0
Qwen2.5,static,Q4_K_M,GlobalMMLU,51.75,69.0,2.00,-1.00,3.00,-1.00,7.00,1.0,7.48,-2.27,9.75,-3.22,22.58,1.0
Qwen2.5,static,Q6_K,Belebele,76.67,87.11,-0.67,0.22,-0.89,-2.22,0.44,1.0,-1.29,0.36,-1.65,-4.16,0.79,1.0
Qwen2.5,static,Q6_K,GlobalMMLU,51.75,69.0,-1.00,0.00,-1.00,-3.25,1.25,1.0,-3.74,0.00,-3.74,-11.89,3.47,1.0
Qwen2.5,static,Q8_0,Belebele,76.67,87.11,-0.56,-0.22,-0.33,-1.11,0.33,1.0,-1.08,-0.36,-0.72,-2.15,0.61,1.0
Qwen2.5,static,Q8_0,GlobalMMLU,51.75,69.0,-0.25,0.25,-0.50,-1.50,0.50,1.0,-0.93,0.57,-1.50,-5.26,1.74,1.0
Qwen3,imatrix,Q2_K,Belebele,79.11,89.67,19.56,9.89,9.67,5.89,13.44,0.0,36.14,15.29,20.85,14.87,26.89,0.0
Qwen3,imatrix,Q2_K,GlobalMMLU,54.75,71.0,23.25,11.50,11.75,4.75,18.75,0.048,78.15,25.00,53.15,36.53,69.65,0.0
Qwen3,imatrix,Q3_K_M,Belebele,79.11,89.67,2.44,2.11,0.33,-2.00,2.78,1.0,4.52,3.26,1.25,-2.88,5.33,1.0
Qwen3,imatrix,Q3_K_M,GlobalMMLU,54.75,71.0,7.75,4.75,3.00,-2.00,8.00,1.0,26.05,10.33,15.72,2.13,29.34,0.920
Qwen3,imatrix,Q4_K_M,Belebele,79.11,89.67,1.44,1.11,0.33,-1.45,2.22,1.0,2.67,1.72,0.95,-2.20,4.10,1.0
Qwen3,imatrix,Q4_K_M,GlobalMMLU,54.75,71.0,1.50,0.00,1.50,-2.25,5.25,1.0,5.04,0.00,5.04,-6.56,15.96,1.0
Qwen3,imatrix,Q6_K,Belebele,79.11,89.67,0.67,0.11,0.56,-0.33,1.56,1.0,1.23,0.17,1.06,-0.53,2.72,1.0
Qwen3,imatrix,Q6_K,GlobalMMLU,54.75,71.0,0.25,0.00,0.25,-2.25,2.75,1.0,0.84,0.00,0.84,-6.39,7.97,1.0
Qwen3,static,Q2_K,Belebele,79.11,89.67,43.44,30.56,12.89,8.33,17.33,0.0,80.29,47.25,33.04,26.64,39.31,0.0
Qwen3,static,Q2_K,GlobalMMLU,54.75,71.0,23.75,21.50,2.25,-4.75,9.50,1.0,79.83,46.74,33.09,16.88,49.82,0.0
Qwen3,static,Q3_K_M,Belebele,79.11,89.67,6.00,2.89,3.11,0.33,5.89,1.0,11.09,4.47,6.62,1.87,11.40,0.303
Qwen3,static,Q3_K_M,GlobalMMLU,54.75,71.0,7.00,1.25,5.75,0.00,11.50,1.0,23.53,2.72,20.81,4.32,36.59,0.686
Qwen3,static,Q4_K_M,Belebele,79.11,89.67,1.56,1.67,-0.11,-2.11,1.89,1.0,2.87,2.58,0.30,-3.19,3.75,1.0
Qwen3,static,Q4_K_M,GlobalMMLU,54.75,71.0,2.50,-1.00,3.50,-0.75,7.75,1.0,8.40,-2.17,10.58,-1.88,22.99,1.0
Qwen3,static,Q6_K,Belebele,79.11,89.67,0.22,0.00,0.22,-0.67,1.11,1.0,0.41,0.00,0.41,-1.10,1.97,1.0
Qwen3,static,Q6_K,GlobalMMLU,54.75,71.0,-0.75,-0.25,-0.50,-3.00,2.00,1.0,-2.52,-0.54,-1.98,-9.91,5.19,1.0
Qwen3,static,Q8_0,Belebele,79.11,89.67,0.00,0.22,-0.22,-0.56,0.00,1.0,0.00,0.34,-0.34,-0.87,0.00,1.0
Qwen3,static,Q8_0,GlobalMMLU,54.75,71.0,0.50,0.00,0.50,-1.00,2.00,1.0,1.68,0.00,1.68,-3.16,6.70,1.0
