model,quant,bench,n_items,gain_ar,gain_en,gain_diff_raw,raw_lo,raw_hi,p_raw,gain_ar_pct,gain_en_pct,gain_diff_norm,norm_lo,norm_hi,p_norm,p_raw_holm,p_norm_holm
Llama-3.2-3B-Instruct,Q2_K,Belebele,900,8.555555555555555,8.111111111111114,0.44444444444444176,-4.333333333333328,5.222222222222217,0.8662,25.75250836120401,13.931297709923667,11.821210651280346,-0.1737933215233734,23.90348149854399,0.0546,1.0,0.9828
Llama-3.2-3B-Instruct,Q2_K,GlobalMMLU,400,1.5000000000000013,3.2500000000000027,-1.7500000000000016,-8.250000000000002,4.999999999999999,0.6162,6.976744186046517,7.738095238095244,-0.7613510520487268,-25.86508207934335,24.790200294558268,0.9674,1.0,1.0
Llama-3.2-3B-Instruct,Q3_K_M,Belebele,900,0.666666666666671,1.7777777777777781,-1.1111111111111072,-4.222222222222227,2.0000000000000018,0.5082,2.0066889632107157,3.0534351145038174,-1.0467461512931018,-9.62325864128724,7.441243755316808,0.8064,1.0,1.0
Llama-3.2-3B-Instruct,Q3_K_M,GlobalMMLU,400,1.5000000000000013,3.749999999999998,-2.2499999999999964,-7.250000000000001,2.2500000000000075,0.3626,6.976744186046517,8.928571428571422,-1.9518272425249048,-22.16387383833787,17.190960334705736,0.852,1.0,1.0
Llama-3.2-3B-Instruct,Q4_K_M,Belebele,900,-1.6666666666666607,0.5555555555555647,-2.2222222222222254,-4.444444444444439,-1.1102230246251565e-14,0.0496,-5.016722408026738,0.9541984732824584,-5.970920881309197,-12.03497906038402,0.0,0.0502,0.988,0.9538
Llama-3.2-3B-Instruct,Q4_K_M,GlobalMMLU,400,0.5000000000000004,1.5000000000000013,-1.0000000000000009,-4.5000000000000036,2.500000000000002,0.5934,2.325581395348839,3.571428571428574,-1.2458471760797352,-15.047588098718181,13.19292739944915,0.8546,1.0,1.0
Llama-3.2-3B-Instruct,Q6_K,Belebele,900,0.4444444444444473,0.33333333333334103,0.11111111111110628,-1.2222222222222356,1.5555555555555434,0.8928,1.3377926421404769,0.5725190839694789,0.765273558170998,-2.957757203626839,4.671467087164208,0.6662,1.0,1.0
Llama-3.2-3B-Instruct,Q6_K,GlobalMMLU,400,-0.7499999999999951,-0.2500000000000058,-0.49999999999998934,-2.750000000000008,1.7500000000000016,0.717,-3.4883720930232327,-0.5952380952381089,-2.8931339977851236,-13.424136112913676,6.662278002799183,0.5632,1.0,1.0
Qwen2.5-3B-Instruct,Q2_K,Belebele,900,37.55555555555556,54.66666666666667,-17.111111111111114,-21.55555555555556,-12.666666666666671,0.0,72.68817204301075,88.01431127012525,-15.326139227114489,-24.066403204179696,-6.674284226581705,0.0,0.0,0.0
Qwen2.5-3B-Instruct,Q2_K,GlobalMMLU,400,20.5,41.75,-21.249999999999996,-28.25625,-14.249999999999993,0.0,76.63551401869161,94.88636363636364,-18.25084961767204,-41.65289086620979,5.520179809226777,0.1302,0.0,1.0
Qwen2.5-3B-Instruct,Q3_K_M,Belebele,900,21.888888888888893,5.8888888888888875,16.000000000000004,10.888888888888898,20.99999999999999,0.0,42.365591397849464,9.481216457960643,32.884374939888815,23.6571002161208,41.92511124415437,0.0,0.0,0.0
Qwen2.5-3B-Instruct,Q3_K_M,GlobalMMLU,400,13.0,11.749999999999993,1.2500000000000067,-6.5,8.999999999999996,0.766,48.59813084112151,26.704545454545443,21.893585386576063,-2.6244625270237822,48.422483766233746,0.0832,1.0,1.0
Qwen2.5-3B-Instruct,Q4_K_M,Belebele,900,-0.11111111111111738,2.444444444444449,-2.5555555555555665,-5.2222222222222285,0.11111111111111738,0.0642,-0.21505376344087232,3.9355992844365013,-4.150653047877373,-9.147694422951648,0.6907633512111344,0.0908,1.0,1.0
Qwen2.5-3B-Instruct,Q4_K_M,GlobalMMLU,400,0.9999999999999953,-0.7499999999999951,1.7499999999999905,-2.2500000000000075,5.999999999999995,0.428,3.738317757009329,-1.7045454545454437,5.442863211554773,-8.33333333333332,19.697652854245163,0.4382,1.0,1.0
Qwen2.5-3B-Instruct,Q6_K,Belebele,900,-0.4444444444444473,0.0,-0.4444444444444473,-1.7777777777777892,0.9999999999999898,0.5648,-0.8602150537634462,0.0,-0.8602150537634462,-3.378852522092351,1.6798806517959142,0.5132,1.0,1.0
Qwen2.5-3B-Instruct,Q6_K,GlobalMMLU,400,0.0,0.0,0.0,-2.2499999999999964,2.2499999999999964,1.0,0.0,0.0,0.0,-7.363196492851904,7.238202166191266,1.0,1.0,1.0
Qwen3-4B,Q2_K,Belebele,900,23.888888888888882,20.666666666666668,3.222222222222215,-1.555555555555549,7.888888888888884,0.184,44.14784394250512,31.958762886597942,12.189081055907181,4.1391307022670665,20.175200263381402,0.003,1.0,0.066
Qwen3-4B,Q2_K,GlobalMMLU,400,0.5000000000000004,9.999999999999998,-9.499999999999996,-16.000000000000004,-3.0000000000000027,0.0048,1.6806722689075646,21.739130434782606,-20.05845816587504,-38.268057949955185,-2.0250162236894003,0.0292,0.10079999999999999,0.584
Qwen3-4B,Q3_K_M,Belebele,900,3.5555555555555562,0.7777777777777772,2.777777777777779,1.1102230246251565e-14,5.555555555555558,0.0494,6.570841889117045,1.20274914089347,5.3680927482235745,0.6901728593294227,10.154474205205252,0.0248,0.988,0.5207999999999999
Qwen3-4B,Q3_K_M,GlobalMMLU,400,-0.7500000000000007,-3.500000000000003,2.7500000000000027,-2.249999999999991,7.749999999999996,0.2926,-2.521008403361347,-7.60869565217392,5.087687248812574,-10.399789708445052,20.080306257911126,0.5112,1.0,1.0
Qwen3-4B,Q4_K_M,Belebele,900,0.11111111111110628,0.5555555555555536,-0.4444444444444473,-2.444444444444449,1.5555555555555545,0.6968,0.20533880903489868,0.8591065292096189,-0.6537677201747203,-4.1964773549999075,2.886689648352623,0.7252,1.0,1.0
Qwen3-4B,Q4_K_M,GlobalMMLU,400,1.0000000000000009,-1.0000000000000009,2.0000000000000018,-2.749999999999997,6.75,0.433,3.361344537815129,-2.173913043478263,5.535257581293393,-8.33333333333332,19.57977951267164,0.4432,1.0,1.0
Qwen3-4B,Q6_K,Belebele,900,-0.4444444444444362,-0.11111111111110628,-0.33333333333332993,-1.2222222222222134,0.5555555555555425,0.4996,-0.8213552361396151,-0.17182130584191693,-0.6495339302976982,-2.1273501213427943,0.8062149758445455,0.3992,1.0,1.0
Qwen3-4B,Q6_K,GlobalMMLU,400,-1.0000000000000009,-0.2500000000000058,-0.7499999999999951,-2.749999999999997,1.2500000000000067,0.5202,-3.361344537815129,-0.5434782608695777,-2.817866276945552,-8.929028132992334,3.0081132532757784,0.359,1.0,1.0
