model,variant,quant,repo,file,size_gb,task,bench,lang,acc
Qwen3-4B,static,F16,mradermacher/Qwen3-4B-GGUF,Qwen3-4B.f16.gguf,8.051,global_mmlu_ar,GlobalMMLU,ar,0.5475
Qwen3-4B,static,F16,mradermacher/Qwen3-4B-GGUF,Qwen3-4B.f16.gguf,8.051,global_mmlu_en,GlobalMMLU,en,0.71
Qwen3-4B,static,F16,mradermacher/Qwen3-4B-GGUF,Qwen3-4B.f16.gguf,8.051,belebele_arb_Arab,Belebele,ar,0.7911111111111111
Qwen3-4B,static,F16,mradermacher/Qwen3-4B-GGUF,Qwen3-4B.f16.gguf,8.051,belebele_eng_Latn,Belebele,en,0.8966666666666666
Qwen3-4B,static,Q8_0,mradermacher/Qwen3-4B-GGUF,Qwen3-4B.Q8_0.gguf,4.28,global_mmlu_ar,GlobalMMLU,ar,0.5425
Qwen3-4B,static,Q8_0,mradermacher/Qwen3-4B-GGUF,Qwen3-4B.Q8_0.gguf,4.28,global_mmlu_en,GlobalMMLU,en,0.71
Qwen3-4B,static,Q8_0,mradermacher/Qwen3-4B-GGUF,Qwen3-4B.Q8_0.gguf,4.28,belebele_arb_Arab,Belebele,ar,0.7911111111111111
Qwen3-4B,static,Q8_0,mradermacher/Qwen3-4B-GGUF,Qwen3-4B.Q8_0.gguf,4.28,belebele_eng_Latn,Belebele,en,0.8944444444444445
Qwen3-4B,static,Q6_K,mradermacher/Qwen3-4B-GGUF,Qwen3-4B.Q6_K.gguf,3.306,global_mmlu_ar,GlobalMMLU,ar,0.555
Qwen3-4B,static,Q6_K,mradermacher/Qwen3-4B-GGUF,Qwen3-4B.Q6_K.gguf,3.306,global_mmlu_en,GlobalMMLU,en,0.7125
Qwen3-4B,static,Q6_K,mradermacher/Qwen3-4B-GGUF,Qwen3-4B.Q6_K.gguf,3.306,belebele_arb_Arab,Belebele,ar,0.7888888888888889
Qwen3-4B,static,Q6_K,mradermacher/Qwen3-4B-GGUF,Qwen3-4B.Q6_K.gguf,3.306,belebele_eng_Latn,Belebele,en,0.8966666666666666
Qwen3-4B,static,Q4_K_M,mradermacher/Qwen3-4B-GGUF,Qwen3-4B.Q4_K_M.gguf,2.497,global_mmlu_ar,GlobalMMLU,ar,0.5225
Qwen3-4B,static,Q4_K_M,mradermacher/Qwen3-4B-GGUF,Qwen3-4B.Q4_K_M.gguf,2.497,global_mmlu_en,GlobalMMLU,en,0.72
Qwen3-4B,static,Q4_K_M,mradermacher/Qwen3-4B-GGUF,Qwen3-4B.Q4_K_M.gguf,2.497,belebele_arb_Arab,Belebele,ar,0.7755555555555556
Qwen3-4B,static,Q4_K_M,mradermacher/Qwen3-4B-GGUF,Qwen3-4B.Q4_K_M.gguf,2.497,belebele_eng_Latn,Belebele,en,0.88
Qwen3-4B,static,Q3_K_M,mradermacher/Qwen3-4B-GGUF,Qwen3-4B.Q3_K_M.gguf,2.076,global_mmlu_ar,GlobalMMLU,ar,0.4775
Qwen3-4B,static,Q3_K_M,mradermacher/Qwen3-4B-GGUF,Qwen3-4B.Q3_K_M.gguf,2.076,global_mmlu_en,GlobalMMLU,en,0.6975
Qwen3-4B,static,Q3_K_M,mradermacher/Qwen3-4B-GGUF,Qwen3-4B.Q3_K_M.gguf,2.076,belebele_arb_Arab,Belebele,ar,0.7311111111111112
Qwen3-4B,static,Q3_K_M,mradermacher/Qwen3-4B-GGUF,Qwen3-4B.Q3_K_M.gguf,2.076,belebele_eng_Latn,Belebele,en,0.8677777777777778
Qwen3-4B,static,Q2_K,mradermacher/Qwen3-4B-GGUF,Qwen3-4B.Q2_K.gguf,1.669,global_mmlu_ar,GlobalMMLU,ar,0.31
Qwen3-4B,static,Q2_K,mradermacher/Qwen3-4B-GGUF,Qwen3-4B.Q2_K.gguf,1.669,global_mmlu_en,GlobalMMLU,en,0.495
Qwen3-4B,static,Q2_K,mradermacher/Qwen3-4B-GGUF,Qwen3-4B.Q2_K.gguf,1.669,belebele_arb_Arab,Belebele,ar,0.3566666666666667
Qwen3-4B,static,Q2_K,mradermacher/Qwen3-4B-GGUF,Qwen3-4B.Q2_K.gguf,1.669,belebele_eng_Latn,Belebele,en,0.5911111111111111
Qwen3-4B,imatrix,Q6_K,mradermacher/Qwen3-4B-i1-GGUF,Qwen3-4B.i1-Q6_K.gguf,3.306,global_mmlu_ar,GlobalMMLU,ar,0.545
Qwen3-4B,imatrix,Q6_K,mradermacher/Qwen3-4B-i1-GGUF,Qwen3-4B.i1-Q6_K.gguf,3.306,global_mmlu_en,GlobalMMLU,en,0.71
Qwen3-4B,imatrix,Q6_K,mradermacher/Qwen3-4B-i1-GGUF,Qwen3-4B.i1-Q6_K.gguf,3.306,belebele_arb_Arab,Belebele,ar,0.7844444444444445
Qwen3-4B,imatrix,Q6_K,mradermacher/Qwen3-4B-i1-GGUF,Qwen3-4B.i1-Q6_K.gguf,3.306,belebele_eng_Latn,Belebele,en,0.8955555555555555
Qwen3-4B,imatrix,Q4_K_M,mradermacher/Qwen3-4B-i1-GGUF,Qwen3-4B.i1-Q4_K_M.gguf,2.497,global_mmlu_ar,GlobalMMLU,ar,0.5325
Qwen3-4B,imatrix,Q4_K_M,mradermacher/Qwen3-4B-i1-GGUF,Qwen3-4B.i1-Q4_K_M.gguf,2.497,global_mmlu_en,GlobalMMLU,en,0.71
Qwen3-4B,imatrix,Q4_K_M,mradermacher/Qwen3-4B-i1-GGUF,Qwen3-4B.i1-Q4_K_M.gguf,2.497,belebele_arb_Arab,Belebele,ar,0.7766666666666666
Qwen3-4B,imatrix,Q4_K_M,mradermacher/Qwen3-4B-i1-GGUF,Qwen3-4B.i1-Q4_K_M.gguf,2.497,belebele_eng_Latn,Belebele,en,0.8855555555555555
Qwen3-4B,imatrix,Q3_K_M,mradermacher/Qwen3-4B-i1-GGUF,Qwen3-4B.i1-Q3_K_M.gguf,2.076,global_mmlu_ar,GlobalMMLU,ar,0.47
Qwen3-4B,imatrix,Q3_K_M,mradermacher/Qwen3-4B-i1-GGUF,Qwen3-4B.i1-Q3_K_M.gguf,2.076,global_mmlu_en,GlobalMMLU,en,0.6625
Qwen3-4B,imatrix,Q3_K_M,mradermacher/Qwen3-4B-i1-GGUF,Qwen3-4B.i1-Q3_K_M.gguf,2.076,belebele_arb_Arab,Belebele,ar,0.7666666666666667
Qwen3-4B,imatrix,Q3_K_M,mradermacher/Qwen3-4B-i1-GGUF,Qwen3-4B.i1-Q3_K_M.gguf,2.076,belebele_eng_Latn,Belebele,en,0.8755555555555555
Qwen3-4B,imatrix,Q2_K,mradermacher/Qwen3-4B-i1-GGUF,Qwen3-4B.i1-Q2_K.gguf,1.67,global_mmlu_ar,GlobalMMLU,ar,0.315
Qwen3-4B,imatrix,Q2_K,mradermacher/Qwen3-4B-i1-GGUF,Qwen3-4B.i1-Q2_K.gguf,1.67,global_mmlu_en,GlobalMMLU,en,0.595
Qwen3-4B,imatrix,Q2_K,mradermacher/Qwen3-4B-i1-GGUF,Qwen3-4B.i1-Q2_K.gguf,1.67,belebele_arb_Arab,Belebele,ar,0.5955555555555555
Qwen3-4B,imatrix,Q2_K,mradermacher/Qwen3-4B-i1-GGUF,Qwen3-4B.i1-Q2_K.gguf,1.67,belebele_eng_Latn,Belebele,en,0.7977777777777778
Llama-3.2-3B-Instruct,static,F16,bartowski/Llama-3.2-3B-Instruct-GGUF,Llama-3.2-3B-Instruct-f16.gguf,6.434,global_mmlu_ar,GlobalMMLU,ar,0.465
Llama-3.2-3B-Instruct,static,F16,bartowski/Llama-3.2-3B-Instruct-GGUF,Llama-3.2-3B-Instruct-f16.gguf,6.434,global_mmlu_en,GlobalMMLU,en,0.67
Llama-3.2-3B-Instruct,static,F16,bartowski/Llama-3.2-3B-Instruct-GGUF,Llama-3.2-3B-Instruct-f16.gguf,6.434,belebele_arb_Arab,Belebele,ar,0.5822222222222222
Llama-3.2-3B-Instruct,static,F16,bartowski/Llama-3.2-3B-Instruct-GGUF,Llama-3.2-3B-Instruct-f16.gguf,6.434,belebele_eng_Latn,Belebele,en,0.8322222222222222
Llama-3.2-3B-Instruct,static,Q8_0,mradermacher/Llama-3.2-3B-Instruct-GGUF,Llama-3.2-3B-Instruct.Q8_0.gguf,3.422,global_mmlu_ar,GlobalMMLU,ar,0.46
Llama-3.2-3B-Instruct,static,Q8_0,mradermacher/Llama-3.2-3B-Instruct-GGUF,Llama-3.2-3B-Instruct.Q8_0.gguf,3.422,global_mmlu_en,GlobalMMLU,en,0.6675
Llama-3.2-3B-Instruct,static,Q8_0,mradermacher/Llama-3.2-3B-Instruct-GGUF,Llama-3.2-3B-Instruct.Q8_0.gguf,3.422,belebele_arb_Arab,Belebele,ar,0.5766666666666667
Llama-3.2-3B-Instruct,static,Q8_0,mradermacher/Llama-3.2-3B-Instruct-GGUF,Llama-3.2-3B-Instruct.Q8_0.gguf,3.422,belebele_eng_Latn,Belebele,en,0.8311111111111111
Llama-3.2-3B-Instruct,static,Q6_K,mradermacher/Llama-3.2-3B-Instruct-GGUF,Llama-3.2-3B-Instruct.Q6_K.gguf,2.644,global_mmlu_ar,GlobalMMLU,ar,0.47
Llama-3.2-3B-Instruct,static,Q6_K,mradermacher/Llama-3.2-3B-Instruct-GGUF,Llama-3.2-3B-Instruct.Q6_K.gguf,2.644,global_mmlu_en,GlobalMMLU,en,0.675
Llama-3.2-3B-Instruct,static,Q6_K,mradermacher/Llama-3.2-3B-Instruct-GGUF,Llama-3.2-3B-Instruct.Q6_K.gguf,2.644,belebele_arb_Arab,Belebele,ar,0.5788888888888889
Llama-3.2-3B-Instruct,static,Q6_K,mradermacher/Llama-3.2-3B-Instruct-GGUF,Llama-3.2-3B-Instruct.Q6_K.gguf,2.644,belebele_eng_Latn,Belebele,en,0.83
Llama-3.2-3B-Instruct,static,Q4_K_M,mradermacher/Llama-3.2-3B-Instruct-GGUF,Llama-3.2-3B-Instruct.Q4_K_M.gguf,2.019,global_mmlu_ar,GlobalMMLU,ar,0.45
Llama-3.2-3B-Instruct,static,Q4_K_M,mradermacher/Llama-3.2-3B-Instruct-GGUF,Llama-3.2-3B-Instruct.Q4_K_M.gguf,2.019,global_mmlu_en,GlobalMMLU,en,0.6475
Llama-3.2-3B-Instruct,static,Q4_K_M,mradermacher/Llama-3.2-3B-Instruct-GGUF,Llama-3.2-3B-Instruct.Q4_K_M.gguf,2.019,belebele_arb_Arab,Belebele,ar,0.5777777777777777
Llama-3.2-3B-Instruct,static,Q4_K_M,mradermacher/Llama-3.2-3B-Instruct-GGUF,Llama-3.2-3B-Instruct.Q4_K_M.gguf,2.019,belebele_eng_Latn,Belebele,en,0.8277777777777777
Llama-3.2-3B-Instruct,static,Q3_K_M,mradermacher/Llama-3.2-3B-Instruct-GGUF,Llama-3.2-3B-Instruct.Q3_K_M.gguf,1.687,global_mmlu_ar,GlobalMMLU,ar,0.41
Llama-3.2-3B-Instruct,static,Q3_K_M,mradermacher/Llama-3.2-3B-Instruct-GGUF,Llama-3.2-3B-Instruct.Q3_K_M.gguf,1.687,global_mmlu_en,GlobalMMLU,en,0.6225
Llama-3.2-3B-Instruct,static,Q3_K_M,mradermacher/Llama-3.2-3B-Instruct-GGUF,Llama-3.2-3B-Instruct.Q3_K_M.gguf,1.687,belebele_arb_Arab,Belebele,ar,0.5355555555555556
Llama-3.2-3B-Instruct,static,Q3_K_M,mradermacher/Llama-3.2-3B-Instruct-GGUF,Llama-3.2-3B-Instruct.Q3_K_M.gguf,1.687,belebele_eng_Latn,Belebele,en,0.7988888888888889
Llama-3.2-3B-Instruct,static,Q2_K,mradermacher/Llama-3.2-3B-Instruct-GGUF,Llama-3.2-3B-Instruct.Q2_K.gguf,1.364,global_mmlu_ar,GlobalMMLU,ar,0.305
Llama-3.2-3B-Instruct,static,Q2_K,mradermacher/Llama-3.2-3B-Instruct-GGUF,Llama-3.2-3B-Instruct.Q2_K.gguf,1.364,global_mmlu_en,GlobalMMLU,en,0.4925
Llama-3.2-3B-Instruct,static,Q2_K,mradermacher/Llama-3.2-3B-Instruct-GGUF,Llama-3.2-3B-Instruct.Q2_K.gguf,1.364,belebele_arb_Arab,Belebele,ar,0.32222222222222224
Llama-3.2-3B-Instruct,static,Q2_K,mradermacher/Llama-3.2-3B-Instruct-GGUF,Llama-3.2-3B-Instruct.Q2_K.gguf,1.364,belebele_eng_Latn,Belebele,en,0.6355555555555555
Llama-3.2-3B-Instruct,imatrix,Q6_K,mradermacher/Llama-3.2-3B-Instruct-i1-GGUF,Llama-3.2-3B-Instruct.i1-Q6_K.gguf,2.644,global_mmlu_ar,GlobalMMLU,ar,0.4625
Llama-3.2-3B-Instruct,imatrix,Q6_K,mradermacher/Llama-3.2-3B-Instruct-i1-GGUF,Llama-3.2-3B-Instruct.i1-Q6_K.gguf,2.644,global_mmlu_en,GlobalMMLU,en,0.6725
Llama-3.2-3B-Instruct,imatrix,Q6_K,mradermacher/Llama-3.2-3B-Instruct-i1-GGUF,Llama-3.2-3B-Instruct.i1-Q6_K.gguf,2.644,belebele_arb_Arab,Belebele,ar,0.5833333333333334
Llama-3.2-3B-Instruct,imatrix,Q6_K,mradermacher/Llama-3.2-3B-Instruct-i1-GGUF,Llama-3.2-3B-Instruct.i1-Q6_K.gguf,2.644,belebele_eng_Latn,Belebele,en,0.8333333333333334
Llama-3.2-3B-Instruct,imatrix,Q4_K_M,mradermacher/Llama-3.2-3B-Instruct-i1-GGUF,Llama-3.2-3B-Instruct.i1-Q4_K_M.gguf,2.019,global_mmlu_ar,GlobalMMLU,ar,0.455
Llama-3.2-3B-Instruct,imatrix,Q4_K_M,mradermacher/Llama-3.2-3B-Instruct-i1-GGUF,Llama-3.2-3B-Instruct.i1-Q4_K_M.gguf,2.019,global_mmlu_en,GlobalMMLU,en,0.6625
Llama-3.2-3B-Instruct,imatrix,Q4_K_M,mradermacher/Llama-3.2-3B-Instruct-i1-GGUF,Llama-3.2-3B-Instruct.i1-Q4_K_M.gguf,2.019,belebele_arb_Arab,Belebele,ar,0.5611111111111111
Llama-3.2-3B-Instruct,imatrix,Q4_K_M,mradermacher/Llama-3.2-3B-Instruct-i1-GGUF,Llama-3.2-3B-Instruct.i1-Q4_K_M.gguf,2.019,belebele_eng_Latn,Belebele,en,0.8333333333333334
Llama-3.2-3B-Instruct,imatrix,Q3_K_M,mradermacher/Llama-3.2-3B-Instruct-i1-GGUF,Llama-3.2-3B-Instruct.i1-Q3_K_M.gguf,1.687,global_mmlu_ar,GlobalMMLU,ar,0.425
Llama-3.2-3B-Instruct,imatrix,Q3_K_M,mradermacher/Llama-3.2-3B-Instruct-i1-GGUF,Llama-3.2-3B-Instruct.i1-Q3_K_M.gguf,1.687,global_mmlu_en,GlobalMMLU,en,0.66
Llama-3.2-3B-Instruct,imatrix,Q3_K_M,mradermacher/Llama-3.2-3B-Instruct-i1-GGUF,Llama-3.2-3B-Instruct.i1-Q3_K_M.gguf,1.687,belebele_arb_Arab,Belebele,ar,0.5422222222222223
Llama-3.2-3B-Instruct,imatrix,Q3_K_M,mradermacher/Llama-3.2-3B-Instruct-i1-GGUF,Llama-3.2-3B-Instruct.i1-Q3_K_M.gguf,1.687,belebele_eng_Latn,Belebele,en,0.8166666666666667
Llama-3.2-3B-Instruct,imatrix,Q2_K,mradermacher/Llama-3.2-3B-Instruct-i1-GGUF,Llama-3.2-3B-Instruct.i1-Q2_K.gguf,1.364,global_mmlu_ar,GlobalMMLU,ar,0.32
Llama-3.2-3B-Instruct,imatrix,Q2_K,mradermacher/Llama-3.2-3B-Instruct-i1-GGUF,Llama-3.2-3B-Instruct.i1-Q2_K.gguf,1.364,global_mmlu_en,GlobalMMLU,en,0.525
Llama-3.2-3B-Instruct,imatrix,Q2_K,mradermacher/Llama-3.2-3B-Instruct-i1-GGUF,Llama-3.2-3B-Instruct.i1-Q2_K.gguf,1.364,belebele_arb_Arab,Belebele,ar,0.4077777777777778
Llama-3.2-3B-Instruct,imatrix,Q2_K,mradermacher/Llama-3.2-3B-Instruct-i1-GGUF,Llama-3.2-3B-Instruct.i1-Q2_K.gguf,1.364,belebele_eng_Latn,Belebele,en,0.7166666666666667
Qwen2.5-3B-Instruct,static,F16,mradermacher/Qwen2.5-3B-Instruct-GGUF,Qwen2.5-3B-Instruct.f16.gguf,6.178,global_mmlu_ar,GlobalMMLU,ar,0.5175
Qwen2.5-3B-Instruct,static,F16,mradermacher/Qwen2.5-3B-Instruct-GGUF,Qwen2.5-3B-Instruct.f16.gguf,6.178,global_mmlu_en,GlobalMMLU,en,0.69
Qwen2.5-3B-Instruct,static,F16,mradermacher/Qwen2.5-3B-Instruct-GGUF,Qwen2.5-3B-Instruct.f16.gguf,6.178,belebele_arb_Arab,Belebele,ar,0.7666666666666667
Qwen2.5-3B-Instruct,static,F16,mradermacher/Qwen2.5-3B-Instruct-GGUF,Qwen2.5-3B-Instruct.f16.gguf,6.178,belebele_eng_Latn,Belebele,en,0.8711111111111111
Qwen2.5-3B-Instruct,static,Q8_0,mradermacher/Qwen2.5-3B-Instruct-GGUF,Qwen2.5-3B-Instruct.Q8_0.gguf,3.285,global_mmlu_ar,GlobalMMLU,ar,0.52
Qwen2.5-3B-Instruct,static,Q8_0,mradermacher/Qwen2.5-3B-Instruct-GGUF,Qwen2.5-3B-Instruct.Q8_0.gguf,3.285,global_mmlu_en,GlobalMMLU,en,0.6875
Qwen2.5-3B-Instruct,static,Q8_0,mradermacher/Qwen2.5-3B-Instruct-GGUF,Qwen2.5-3B-Instruct.Q8_0.gguf,3.285,belebele_arb_Arab,Belebele,ar,0.7722222222222223
Qwen2.5-3B-Instruct,static,Q8_0,mradermacher/Qwen2.5-3B-Instruct-GGUF,Qwen2.5-3B-Instruct.Q8_0.gguf,3.285,belebele_eng_Latn,Belebele,en,0.8733333333333333
Qwen2.5-3B-Instruct,static,Q6_K,mradermacher/Qwen2.5-3B-Instruct-GGUF,Qwen2.5-3B-Instruct.Q6_K.gguf,2.538,global_mmlu_ar,GlobalMMLU,ar,0.5275
Qwen2.5-3B-Instruct,static,Q6_K,mradermacher/Qwen2.5-3B-Instruct-GGUF,Qwen2.5-3B-Instruct.Q6_K.gguf,2.538,global_mmlu_en,GlobalMMLU,en,0.69
Qwen2.5-3B-Instruct,static,Q6_K,mradermacher/Qwen2.5-3B-Instruct-GGUF,Qwen2.5-3B-Instruct.Q6_K.gguf,2.538,belebele_arb_Arab,Belebele,ar,0.7733333333333333
Qwen2.5-3B-Instruct,static,Q6_K,mradermacher/Qwen2.5-3B-Instruct-GGUF,Qwen2.5-3B-Instruct.Q6_K.gguf,2.538,belebele_eng_Latn,Belebele,en,0.8688888888888889
Qwen2.5-3B-Instruct,static,Q4_K_M,mradermacher/Qwen2.5-3B-Instruct-GGUF,Qwen2.5-3B-Instruct.Q4_K_M.gguf,1.93,global_mmlu_ar,GlobalMMLU,ar,0.4975
Qwen2.5-3B-Instruct,static,Q4_K_M,mradermacher/Qwen2.5-3B-Instruct-GGUF,Qwen2.5-3B-Instruct.Q4_K_M.gguf,1.93,global_mmlu_en,GlobalMMLU,en,0.7
Qwen2.5-3B-Instruct,static,Q4_K_M,mradermacher/Qwen2.5-3B-Instruct-GGUF,Qwen2.5-3B-Instruct.Q4_K_M.gguf,1.93,belebele_arb_Arab,Belebele,ar,0.7622222222222222
Qwen2.5-3B-Instruct,static,Q4_K_M,mradermacher/Qwen2.5-3B-Instruct-GGUF,Qwen2.5-3B-Instruct.Q4_K_M.gguf,1.93,belebele_eng_Latn,Belebele,en,0.8555555555555555
Qwen2.5-3B-Instruct,static,Q3_K_M,mradermacher/Qwen2.5-3B-Instruct-GGUF,Qwen2.5-3B-Instruct.Q3_K_M.gguf,1.59,global_mmlu_ar,GlobalMMLU,ar,0.29
Qwen2.5-3B-Instruct,static,Q3_K_M,mradermacher/Qwen2.5-3B-Instruct-GGUF,Qwen2.5-3B-Instruct.Q3_K_M.gguf,1.59,global_mmlu_en,GlobalMMLU,en,0.54
Qwen2.5-3B-Instruct,static,Q3_K_M,mradermacher/Qwen2.5-3B-Instruct-GGUF,Qwen2.5-3B-Instruct.Q3_K_M.gguf,1.59,belebele_arb_Arab,Belebele,ar,0.33666666666666667
Qwen2.5-3B-Instruct,static,Q3_K_M,mradermacher/Qwen2.5-3B-Instruct-GGUF,Qwen2.5-3B-Instruct.Q3_K_M.gguf,1.59,belebele_eng_Latn,Belebele,en,0.7411111111111112
Qwen2.5-3B-Instruct,static,Q2_K,mradermacher/Qwen2.5-3B-Instruct-GGUF,Qwen2.5-3B-Instruct.Q2_K.gguf,1.275,global_mmlu_ar,GlobalMMLU,ar,0.24
Qwen2.5-3B-Instruct,static,Q2_K,mradermacher/Qwen2.5-3B-Instruct-GGUF,Qwen2.5-3B-Instruct.Q2_K.gguf,1.275,global_mmlu_en,GlobalMMLU,en,0.2175
Qwen2.5-3B-Instruct,static,Q2_K,mradermacher/Qwen2.5-3B-Instruct-GGUF,Qwen2.5-3B-Instruct.Q2_K.gguf,1.275,belebele_arb_Arab,Belebele,ar,0.2411111111111111
Qwen2.5-3B-Instruct,static,Q2_K,mradermacher/Qwen2.5-3B-Instruct-GGUF,Qwen2.5-3B-Instruct.Q2_K.gguf,1.275,belebele_eng_Latn,Belebele,en,0.22
Qwen2.5-3B-Instruct,imatrix,Q6_K,mradermacher/Qwen2.5-3B-Instruct-i1-GGUF,Qwen2.5-3B-Instruct.i1-Q6_K.gguf,2.538,global_mmlu_ar,GlobalMMLU,ar,0.5275
Qwen2.5-3B-Instruct,imatrix,Q6_K,mradermacher/Qwen2.5-3B-Instruct-i1-GGUF,Qwen2.5-3B-Instruct.i1-Q6_K.gguf,2.538,global_mmlu_en,GlobalMMLU,en,0.69
Qwen2.5-3B-Instruct,imatrix,Q6_K,mradermacher/Qwen2.5-3B-Instruct-i1-GGUF,Qwen2.5-3B-Instruct.i1-Q6_K.gguf,2.538,belebele_arb_Arab,Belebele,ar,0.7688888888888888
Qwen2.5-3B-Instruct,imatrix,Q6_K,mradermacher/Qwen2.5-3B-Instruct-i1-GGUF,Qwen2.5-3B-Instruct.i1-Q6_K.gguf,2.538,belebele_eng_Latn,Belebele,en,0.8688888888888889
Qwen2.5-3B-Instruct,imatrix,Q4_K_M,mradermacher/Qwen2.5-3B-Instruct-i1-GGUF,Qwen2.5-3B-Instruct.i1-Q4_K_M.gguf,1.93,global_mmlu_ar,GlobalMMLU,ar,0.5075
Qwen2.5-3B-Instruct,imatrix,Q4_K_M,mradermacher/Qwen2.5-3B-Instruct-i1-GGUF,Qwen2.5-3B-Instruct.i1-Q4_K_M.gguf,1.93,global_mmlu_en,GlobalMMLU,en,0.6925
Qwen2.5-3B-Instruct,imatrix,Q4_K_M,mradermacher/Qwen2.5-3B-Instruct-i1-GGUF,Qwen2.5-3B-Instruct.i1-Q4_K_M.gguf,1.93,belebele_arb_Arab,Belebele,ar,0.7611111111111111
Qwen2.5-3B-Instruct,imatrix,Q4_K_M,mradermacher/Qwen2.5-3B-Instruct-i1-GGUF,Qwen2.5-3B-Instruct.i1-Q4_K_M.gguf,1.93,belebele_eng_Latn,Belebele,en,0.88
Qwen2.5-3B-Instruct,imatrix,Q3_K_M,mradermacher/Qwen2.5-3B-Instruct-i1-GGUF,Qwen2.5-3B-Instruct.i1-Q3_K_M.gguf,1.59,global_mmlu_ar,GlobalMMLU,ar,0.42
Qwen2.5-3B-Instruct,imatrix,Q3_K_M,mradermacher/Qwen2.5-3B-Instruct-i1-GGUF,Qwen2.5-3B-Instruct.i1-Q3_K_M.gguf,1.59,global_mmlu_en,GlobalMMLU,en,0.6575
Qwen2.5-3B-Instruct,imatrix,Q3_K_M,mradermacher/Qwen2.5-3B-Instruct-i1-GGUF,Qwen2.5-3B-Instruct.i1-Q3_K_M.gguf,1.59,belebele_arb_Arab,Belebele,ar,0.5555555555555556
Qwen2.5-3B-Instruct,imatrix,Q3_K_M,mradermacher/Qwen2.5-3B-Instruct-i1-GGUF,Qwen2.5-3B-Instruct.i1-Q3_K_M.gguf,1.59,belebele_eng_Latn,Belebele,en,0.8
Qwen2.5-3B-Instruct,imatrix,Q2_K,mradermacher/Qwen2.5-3B-Instruct-i1-GGUF,Qwen2.5-3B-Instruct.i1-Q2_K.gguf,1.275,global_mmlu_ar,GlobalMMLU,ar,0.445
Qwen2.5-3B-Instruct,imatrix,Q2_K,mradermacher/Qwen2.5-3B-Instruct-i1-GGUF,Qwen2.5-3B-Instruct.i1-Q2_K.gguf,1.275,global_mmlu_en,GlobalMMLU,en,0.635
Qwen2.5-3B-Instruct,imatrix,Q2_K,mradermacher/Qwen2.5-3B-Instruct-i1-GGUF,Qwen2.5-3B-Instruct.i1-Q2_K.gguf,1.275,belebele_arb_Arab,Belebele,ar,0.6166666666666667
Qwen2.5-3B-Instruct,imatrix,Q2_K,mradermacher/Qwen2.5-3B-Instruct-i1-GGUF,Qwen2.5-3B-Instruct.i1-Q2_K.gguf,1.275,belebele_eng_Latn,Belebele,en,0.7666666666666667
